xcoord,ycoord
-74.0660711,4.6648093
-74.0699766,4.6672853
-74.0717205,4.6686105
-74.0667635,4.6652626
-74.0720648,4.6688809
-74.0682151,4.6661966
-74.0721,4.6689115
-74.0660711,4.6648093
-74.0709072,4.6680027
